{
  "title": "How useful is my data?",
  "displayTitle": "How useful is my data?",
  "_latestTrackingId": 8,
  "_learningOutcomes": [
    {
      "outcome": "List the first three stars of open data",
      "credits": 5,
      "badge": "strategist"
    },
    {
      "outcome": "Understand how to apply the first three stars to a dataset",
      "credits": 10,
      "badge": "strategist"
    }
  ],
  "_resources": [
    {
      "title": "Modules",
      "description": "Switch to another module",
      "_filterButtons": {
        "all": "All",
        "document": "PDF",
        "media": "Media",
        "link": "Link"
      },
      "_resourcesItems": [
        {
          "_type": "link",
          "_local": "true",
          "title": "Module 1<span class='sidebar-module-progress' id='ODI_1_tick_sidebar'></span>",
          "description": "What is open data?",
          "_link": "../module1/"
        },
        {
          "_type": "link",
          "_local": "true",
          "title": "Module 2<span class='sidebar-module-progress' id='ODI_2_tick_sidebar'></span>",
          "description": "Unlocking value from open data",
          "_link": "../module2/"
        },
        {
          "_type": "link",
          "_local": "true",
          "title": "Module 3<span class='sidebar-module-progress' id='ODI_3_tick_sidebar'></span>",
          "description": "Open data. Agent of change.",
          "_link": "../module3/"
        },
        {
          "_type": "link",
          "_local": "true",
          "title": "Module 4<span class='sidebar-module-progress' id='ODI_4_tick_sidebar'></span>",
          "description": "Why do we need to license?",
          "_link": "../module4/"
        },
        {
          "_type": "link",
          "_local": "true",
          "title": "Module 5<span class='sidebar-module-progress' id='ODI_5_tick_sidebar'></span>",
          "description": "What makes quality open data?",
          "_link": "../module5/"
        },
        {
          "_type": "link",
          "_local": "true",
          "title": "Module 6<span class='sidebar-module-progress' id='ODI_6_tick_sidebar'></span>",
          "description": "Measuring success for open data",
          "_link": "../module6/"
        },
        {
          "_type": "link",
          "_local": "true",
          "title": "Module 7<span class='sidebar-module-progress' id='ODI_7_tick_sidebar'></span>",
          "description": "Why should we worry about sustainability?",
          "_link": "../module7/"
        },
        {
          "_type": "link",
          "_local": "true",
          "title": "Module 8<span class='sidebar-module-progress' id='ODI_8_tick_sidebar'></span>",
          "description": "Getting to grips with platforms",
          "_link": "../module8/"
        },
        {
          "_type": "link",
          "_local": "true",
          "title": "Module 9<span class='sidebar-module-progress' id='ODI_9_tick_sidebar'></span>",
          "description": "Choosing the right format for open data",
          "_link": "../module9/"
        },
        {
          "_type": "link",
          "_local": "true",
          "title": "Module 10<span class='sidebar-module-progress' id='ODI_10_tick_sidebar'></span>",
          "description": "How useful is my data?",
          "_link": "../module10/"
        },
        {
          "_type": "link",
          "_local": "true",
          "title": "Module 11<span class='sidebar-module-progress' id='ODI_11_tick_sidebar'></span>",
          "description": "How to clean your data",
          "_link": "../module11/"
        },
        {
          "_type": "link",
          "_local": "true",
          "title": "Module 12<span class='sidebar-module-progress' id='ODI_12_tick_sidebar'></span>",
          "description": "Finding hidden data on the web",
          "_link": "../module12/"
        },
        {
          "_type": "link",
          "_local": "true",
          "title": "Module 13<span class='sidebar-module-progress' id='ODI_13_tick_sidebar'></span>",
          "description": "Linking up the web of data",
          "_link": "../module13/"
        }
      ]
    },
    {
      "title": "Resources",
      "description": "Click here to view resources for this course",
      "_filterButtons": {
        "all": "All",
        "document": "PDF",
        "media": "Media",
        "link": "Link"
      },
      "_resourcesItems": [
        {
          "_type": "document",
          "title": "Italian digital agency",
          "description": "Take me to Italian digital agency",
          "_link": "http://spcdata.digitpa.gov.it/data.html"
        },
        {
          "_type": "document",
          "title": "Enel open data",
          "description": "Take me to Enel open data",
          "_link": "http://data.enel.com/node/4679"
        },
        {
          "_type": "document",
          "title": "Bulgarian open data portal",
          "description": "Take me to Bulgarian open data portal",
          "_link": "https://opendata.government.bg/dataset/tsentralen-registar-na-yuridicheskite-litsa"
        }
      ]
    },
    {
      "title": "Image credits",
      "description": "Click here to view image credits for this module",
      "_filterButtons": {
        "all": "All",
        "document": "PDF",
        "media": "Media",
        "link": "Link"
      },
      "_resourcesItems": [
        {
          "_type": "link",
          "title": "5 Stars of open data",
          "description": "Source: Shutterstock<br/>Credit: vs148<br/>Licence: Shutterstock open licence",
          "_link": "http://www.shutterstock.com/pic.mhtml?id=171677003&src=lb-36497927"
        },
        {
          "_type": "link",
          "title": "The first 3 stars",
          "description": "Source: Shutterstock<br/>Credit: vs148<br/>Licence: Shutterstock open licence",
          "_link": "http://www.shutterstock.com/pic.mhtml?id=188328170&src=lb-36497927"
        },
        {
          "_type": "link",
          "title": "Star 1 - Checking the license",
          "description": "Source: Shutterstock<br/>Credit: vs148<br/>Licence: Shutterstock open licence",
          "_link": "http://www.shutterstock.com/pic.mhtml?id=148686812&src=lb-36497927"
        },
        {
          "_type": "link",
          "title": "Star 2 - checking usability",
          "description": "Source: Shutterstock<br/>Credit: vs148<br/>Licence: Shutterstock open licence",
          "_link": "http://www.shutterstock.com/pic.mhtml?id=144334663&src=lb-36497927"
        },
        {
          "_type": "link",
          "title": "Star 3 - checking openness",
          "description": "Source: Shutterstock<br/>Credit: vs148<br/>Licence: Shutterstock open licence",
          "_link": "http://www.shutterstock.com/pic.mhtml?id=142601674&src=lb-36497927"
        },
        {
          "_type": "link",
          "title": "Summary icon clipboard",
          "description": "Source: Shutterstock<br/>Credit: Kritchanut<br/>Licence: Shutterstock Standard License",
          "_link": "http://www.shutterstock.com/pic-189810137.html"
        },
        {
          "_type": "link",
          "title": "Open data institute logo",
          "description": "Source: The Open Data Institute<br/>Credit: The Open Data Institute<br/>Licence: All rights reserved",
          "_link": "http://theodi.org"
        },
        {
          "_type": "link",
          "title": "Your World - Delicate Beats",
          "description": "Source: Premium Beat<br/>Credit: leromin<br/>Licence: Premium Beat Standard License",
          "_link": "http://www.premiumbeat.com/royalty_free_music/songs/your-world"
        }
      ]
    },
    {
      "title": "Credits and attribution",
      "description": "View attribution for licensed content",
      "_filterButtons": {
        "all": "All",
        "document": "PDF",
        "media": "Media",
        "link": "Link"
      },
      "_resourcesItems": []
    },
    {
      "title": "Open data",
      "description": "Download and use module content",
      "_filterButtons": {
        "all": "All",
        "document": "PDF",
        "media": "Media",
        "link": "Link"
      },
      "_resourcesItems": [
        {
          "_type": "link",
          "title": "<div align='center'><img class='download-image' src='adapt/css/assets/download.png'><p class='downloadp'>Download menu data</p></div>",
          "description": "",
          "_link": "course/en/components.json"
        },
        {
          "_type": "link",
          "title": "<div align='center'><img class='download-image' src='adapt/css/assets/download.png'><p class='downloadp'>Download sidebar data</p></div>",
          "description": "",
          "_link": "course/en/course.json"
        },
        {
          "_type": "link",
          "title": "",
          "description": "<div align='center'><img alt='Creative Commons Licence' style='border-width:0' src='adapt/css/assets/licence.png' /></div><br /><span xmlns:dct='http://purl.org/dc/terms/' property='dct:title'>DLab learning</span> by <span xmlns:cc='http://creativecommons.org/ns# property='cc:attributionName'>Open Data Institute</span> is licensed under a Creative Commons Attribution-ShareAlike 4.0 International License.",
          "_link": "http://creativecommons.org/licenses/by-sa/4.0/"
        }
      ]
    },
    {
      "title": "About",
      "description": "Discover how this learning was created",
      "_filterButtons": {
        "all": "All",
        "document": "PDF",
        "media": "Media",
        "link": "Link"
      },
      "_resourcesItems": [
        {
          "_type": "link",
          "title": "ODI Training Team",
          "description": "<div align='center'><img alt='ODI' style='border-width:0' src='adapt/css/assets/odi-logo.png' /></div><br />Expert knowledge, content development and learning plans provided by the by <span xmlns:cc='http://creativecommons.org/ns# property='cc:attributionName'>Open Data Institute</span> training team.",
          "_link": "http://theodi.org/training_team"
        },
        {
          "_type": "link",
          "title": "European Data Portal",
          "description": "<div align='center'><img alt='EDP' style='border-width:0; max-height: 150px;' src='adapt/css/assets/edp.png' /></div><br />Initial funding for module development and implementation provided by the <span xmlns:cc='http://creativecommons.org/ns# property='cc:attributionName'>European Data Portal</span>.",
          "_link": "http://www.europeandataportal.eu/"
        },
        {
          "_type": "link",
          "title": "Adapt learning",
          "description": "<div align='center'><img alt='Adapt learning' style='border-width:0' src='adapt/css/assets/adapt.png' /></div><br />Open source learning platform developed by <span xmlns:cc='http://creativecommons.org/ns# property='cc:attributionName'>Adapt learning</span>.",
          "_link": "https://community.adaptlearning.org/"
        }
      ]
    }
  ],
  "_id": "course",
  "_type": "course",
  "_buttons": {
    "submit": "Submit",
    "reset": "Reset",
    "showCorrectAnswer": "Model Answer",
    "hideCorrectAnswer": "My Answer"
  }
}